<columns>
    
    <column id="STATUS">
        <name>Status</name>
        <field>testRunStatus</field>
        <sql-column>tr.status</sql-column>
    </column>
    
    <column id="TEST_NAME">
        <name>Test Name</name>
        <field>fetchTestName</field>
        <sql-column>tr.name</sql-column>
    </column>
    
    <column id="PROJECT">
        <name>Sub-Project</name>
        <field>fetchProjectName</field>
        <sql-column>p.name</sql-column>
    </column>
    
    <column id="DESIGNER">
        <name>Designer</name>
        <field>designerName</field>
        <sql-column>ud.name</sql-column>
    </column>
    
    <column id="RUNNER">
        <name>Runner</name>
        <field>runnerName</field>
        <sql-column>ur.name</sql-column>
    </column>
    
    <column id="START_TIME">
        <name>Start Time</name>
        <field>testRunStartTime</field>
        <sql-column>tr.start_time</sql-column>
    </column>
    
    <column id="SUITE_NAME">
        <name>Suite Name</name>
        <field>suiteRunName</field>
        <sql-column>sr.name</sql-column>
    </column>
    
    <column id="REASONS">
        <name>Reasons</name>
        <field>trReasons</field>
        <sql-column>tr.reasons</sql-column>
    </column>
    
    <column id="AGENT">
        <name>Agent</name>
        <field>srAgentName</field>
        <sql-column>sr.agentName</sql-column>
    </column>
    
    <column id="ISSUE">
        <name>Issue</name>
        <field>fetchIssueName</field>
        <sql-column>iss.name</sql-column>
    </column>
    
</columns>