<?xml version="1.0" encoding="UTF-8"?>
<beans xmlns="http://www.springframework.org/schema/beans"
        xmlns:xsi="http://www.w3.org/2001/XMLSchema-instance"
        xmlns:aop="http://www.springframework.org/schema/aop"
        xmlns:tx="http://www.springframework.org/schema/tx"
        xsi:schemaLocation="
            http://www.springframework.org/schema/beans http://www.springframework.org/schema/beans/spring-beans-2.5.xsd
            http://www.springframework.org/schema/aop http://www.springframework.org/schema/aop/spring-aop-2.5.xsd
            http://www.springframework.org/schema/tx http://www.springframework.org/schema/tx/spring-tx-2.5.xsd">

    <import resource="applicationContext-security.xml"/>
    
    
    <bean id="oculusConfig" class="net.mindengine.oculus.frontend.config.Config" factory-method="getInstance">
    </bean>
    
    <bean id="agentTagRulesContainer" class="net.mindengine.oculus.frontend.service.trm.AgentTagRulesContainer">
    	<property name="file" value="agent.tags.rules"/>
    </bean>
    
    <bean id="userDAO" class="net.mindengine.oculus.frontend.service.user.JdbcUserDAO">
	   <property name="dataSource" ref="dataSource" />
	   <property name="beanMappingFactory" ref="beanMappingFactory"/>
	</bean>
	
	<bean id="projectDAO" class="net.mindengine.oculus.frontend.service.project.JdbcProjectDAO">
       <property name="dataSource" ref="dataSource" />
       <property name="beanMappingFactory" ref="beanMappingFactory"/>
       <property name="fileProjectBrowseBasicTemplate" value="WEB-INF/db/project/project-browse-base-template.sql"/>
       <property name="fileProjectBrowseBasicCountTemplate" value="WEB-INF/db/project/project-browse-base-count-template.sql"/>
    </bean>
    
    <bean id="testDAO" class="net.mindengine.oculus.frontend.service.test.JdbcTestDAO">
       <property name="dataSource" ref="dataSource" />
       <property name="beanMappingFactory" ref="beanMappingFactory"/>
    </bean>
    
    <bean id="testRunDAO" class="net.mindengine.oculus.frontend.service.runs.JdbcTestRunDAO">
       <property name="dataSource" ref="dataSource" />
       <property name="beanMappingFactory" ref="beanMappingFactory"/>
       <property name="basicTemplateFile" value="WEB-INF/db/report/base-template.sql"/>
       <property name="basicCountTemplateFile" value="WEB-INF/db/report/base-count-template.sql"/>
    </bean>
	
    <bean id="trmDAO" class="net.mindengine.oculus.frontend.service.trm.JdbcTrmDAO">
       <property name="dataSource" ref="dataSource" />
       <property name="beanMappingFactory" ref="beanMappingFactory"/>
    </bean>
    
    <bean id="buildDAO" class="net.mindengine.oculus.frontend.service.project.build.JdbcBuildDAO">
       <property name="dataSource" ref="dataSource" />
       <property name="beanMappingFactory" ref="beanMappingFactory"/>
    </bean>
    
    <bean id="filterDAO" class="net.mindengine.oculus.frontend.service.report.filter.JdbcFilterDAO">
       <property name="dataSource" ref="dataSource" />
       <property name="beanMappingFactory" ref="beanMappingFactory"/>
    </bean>
    
    <bean id="customizationDAO" class="net.mindengine.oculus.frontend.service.customization.JdbcCustomizationDAO">
       <property name="dataSource" ref="dataSource" />
       <property name="beanMappingFactory" ref="beanMappingFactory"/>
    </bean>
    
    <bean id="issueDAO" class="net.mindengine.oculus.frontend.service.issue.JdbcIssueDAO">
       <property name="dataSource" ref="dataSource" />
       <property name="beanMappingFactory" ref="beanMappingFactory"/>
    </bean>
    
    <bean id="commentDAO" class="net.mindengine.oculus.frontend.service.comment.JdbcCommentDAO">
       <property name="dataSource" ref="dataSource" />
       <property name="beanMappingFactory" ref="beanMappingFactory"/>
    </bean>
    
    <bean id="dataSource" class="net.mindengine.oculus.frontend.service.jdbc.OculusJdbcDataSource">
        <constructor-arg>
            <value>com.mysql.jdbc.Driver</value>
        </constructor-arg>
        <constructor-arg>
            <ref bean="oculusConfig"/>
        </constructor-arg>
	</bean>

    <bean id="localeResolver" class="org.springframework.web.servlet.i18n.FixedLocaleResolver">
        <property name="defaultLocale" value="en_US"></property>
    </bean>

    <bean id="exceptionResolver" class="org.springframework.web.servlet.handler.SimpleMappingExceptionResolver">
		<property name="exceptionMappings">
		  	<map>
			    <entry key="net.mindengine.oculus.frontend.service.exceptions.NotAuthorizedException" value="login-redirect" />
		  	</map>
		</property>
		 
		<!-- <property name="defaultErrorView" value="general-error"/> -->
	</bean>


    <bean id="beanMappingFactory" class="net.mindengine.oculus.frontend.db.jdbc.BeanMappingFactory">
        <property name="file" value="WEB-INF/db/db-mappings.xml"/>
    </bean>
    
    <bean id="xmlViewResolver" class="org.springframework.web.servlet.view.XmlViewResolver">
        <property name="order" value="0"/>
    </bean>
	
	<bean id="tilesViewResolver" class="org.springframework.web.servlet.view.InternalResourceViewResolver">
        <property name="viewClass" value="org.springframework.web.servlet.view.tiles.TilesJstlView"/>
        <property name="order" value="1"/>
    </bean>
    
    <bean id="tilesConfigurer" class="org.springframework.web.servlet.view.tiles.TilesConfigurer">
        <property name="definitions">
            <list>
            	<value>/WEB-INF/tiles/tiles-main.xml</value>
               	<value>/WEB-INF/tiles/tiles-display.xml</value>
               	<value>/WEB-INF/tiles/tiles-admin.xml</value>
               	<value>/WEB-INF/tiles/tiles-project.xml</value>
               	<value>/WEB-INF/tiles/tiles-report.xml</value>
               	<value>/WEB-INF/tiles/tiles-user.xml</value>
               	<value>/WEB-INF/tiles/tiles-test.xml</value>
               	<value>/WEB-INF/tiles/tiles-document.xml</value>
               	<value>/WEB-INF/tiles/tiles-trm.xml</value>
               	<value>/WEB-INF/tiles/tiles-customization.xml</value>
               	<value>/WEB-INF/tiles/tiles-issue.xml</value>
            </list>
        </property>
    </bean>
    
    <bean id="multipartResolver" class="org.springframework.web.multipart.commons.CommonsMultipartResolver">
        <property name="maxUploadSize" value="1000000000"/>
    </bean>
    
    
    <import resource="applicationContext-jobs.xml"/>
</beans>
