<?xml version="1.0" encoding="UTF-8"?>

<beans xmlns="http://www.springframework.org/schema/beans"
       xmlns:xsi="http://www.w3.org/2001/XMLSchema-instance"
       xsi:schemaLocation="http://www.springframework.org/schema/beans
       http://www.springframework.org/schema/beans/spring-beans-2.5.xsd">

    <bean name="/add" class="net.mindengine.oculus.frontend.web.controllers.comment.CommentAddController">
        <property name="commentDAO" ref="commentDAO"/>
    </bean>
    
    <bean name="/remove" class="net.mindengine.oculus.frontend.web.controllers.comment.CommentRemoveController">
        <property name="commentDAO" ref="commentDAO"/>
        <property name="permissions">
            <list>
                <ref bean="_P_COMMENT_MANAGMENT"/>
            </list>
        </property>
    </bean>

    
</beans>