<?xml version="1.0" encoding="ISO-8859-1" ?>
<!DOCTYPE tiles-definitions PUBLIC
"-//Apache Software Foundation//DTD Tiles Configuration 1.1//EN"
"http://jakarta.apache.org/struts/dtds/tiles-config_1_1.dtd">

<tiles-definitions>

    <definition name="login" extends="html-container">
    	<put name="left-panel" type="string" value=""/>
        <put name="content" value="/WEB-INF/jsp/user/login.jsp" type="page"/>
        <put name="right-panel" value="" type="string"/>
    </definition>
    
    <definition name="profile" extends="html-container">
    	<put name="left-panel" value="/WEB-INF/jsp/user/profile-left-panel.jsp" type="page"/>
        <put name="content" value="/WEB-INF/jsp/user/profile.jsp" type="page"/>
        <put name="right-panel" value="" type="string"/>
    </definition>
    
    <definition name="forgot-password" extends="html-container">
    	<put name="left-panel" type="string" value=""/>
        <put name="content" value="/WEB-INF/jsp/user/forgot-password.jsp" type="page"/>
        <put name="right-panel" value="" type="string"/>
    </definition>
    
    <definition name="forgot-password-success" extends="html-container">
    	<put name="left-panel" type="string" value=""/>
        <put name="content" value="/WEB-INF/jsp/user/forgot-password-success.jsp" type="page"/>
        <put name="right-panel" value="" type="string"/>
    </definition>
    
    <definition name="user-change-password" extends="html-container">
        <put name="left-panel" type="string" value=""/>
        <put name="content" value="/WEB-INF/jsp/user/change-password.jsp" type="page"/>
        <put name="right-panel" value="" type="string"/>
    </definition>
    
</tiles-definitions>