<?xml version="1.0" encoding="ISO-8859-1" ?>
<!DOCTYPE tiles-definitions PUBLIC
"-//Apache Software Foundation//DTD Tiles Configuration 1.1//EN"
"http://jakarta.apache.org/struts/dtds/tiles-config_1_1.dtd">

<tiles-definitions>

	<definition name="user-search" extends="html-container" >
		<put name="left-panel" type="string" value=""/>
        <put name="content" value="/WEB-INF/jsp/admin/user-search.jsp" type="page"/>
        <put name="right-panel" value="" type="string"/>
    </definition>
    
    <definition name="admin" extends="html-container">
    	<put name="left-panel" type="string" value=""/>
        <put name="content" value="/WEB-INF/jsp/admin/admin.jsp" type="page"/>
        <put name="right-panel" value="" type="string"/>
    </definition>
	
	
	<definition name="user-create" extends="html-container">
		<put name="left-panel" type="string" value=""/>
        <put name="content" value="/WEB-INF/jsp/admin/user-create.jsp" type="page"/>
        <put name="right-panel" value="" type="string"/>
    </definition>
    
    <definition name="user-create-success" extends="html-container">
    	<put name="left-panel" type="string" value=""/>
        <put name="content" value="/WEB-INF/jsp/admin/user-create-success.jsp" type="page"/>
        <put name="right-panel" value="" type="string"/>
    </definition>
    
    <definition name="user-edit" extends="html-container">
    	<put name="left-panel" type="string" value=""/>
        <put name="content" value="/WEB-INF/jsp/admin/user-edit.jsp" type="page"/>
        <put name="right-panel" value="" type="string"/>
    </definition>
    
</tiles-definitions>