<?xml version="1.0" encoding="UTF-8"?>

<beans xmlns="http://www.springframework.org/schema/beans"
       xmlns:xsi="http://www.w3.org/2001/XMLSchema-instance"
       xsi:schemaLocation="http://www.springframework.org/schema/beans
       http://www.springframework.org/schema/beans/spring-beans-2.5.xsd">


    <bean name="/project-*" class="net.mindengine.oculus.frontend.web.controllers.customization.ProjectCustomizationController">
        <property name="viewChooseUnit" value="customization-choose-unit"/>
        <property name="title" value="Project Customization"/>
        <property name="view" value="customization-unit-page"/>
        <property name="projectDAO" ref="projectDAO"/>
        <property name="customizationDAO" ref="customizationDAO"/>
        <property name="permissions">
            <list>
                <ref bean="_P_PROJECT_MANAGMENT"/>
            </list>
        </property>
    </bean>
    
    <bean name="/add-parameter" class="net.mindengine.oculus.frontend.web.controllers.customization.AddParameterController">
        <property name="view" value="customization-add-parameter"/>
        <property name="title" value="Add Customization Parameter"/>
        <property name="projectDAO" ref="projectDAO"/>
        <property name="customizationDAO" ref="customizationDAO"/>
        <property name="permissions">
            <list>
                <ref bean="_P_PROJECT_MANAGMENT"/>
            </list>
        </property>
    </bean>

    <bean name="/delete-parameter" class="net.mindengine.oculus.frontend.web.controllers.customization.DeleteParameterController">
        <property name="customizationDAO" ref="customizationDAO"/>
        <property name="permissions">
            <list>
                <ref bean="_P_PROJECT_MANAGMENT"/>
            </list>
        </property>
    </bean>
    
    <bean name="/edit-parameter" class="net.mindengine.oculus.frontend.web.controllers.customization.EditParameterController">
        <property name="view" value="customization-edit-parameter"/>
        <property name="title" value="Edit Customization Parameter"/>
        <property name="projectDAO" ref="projectDAO"/>
        <property name="customizationDAO" ref="customizationDAO"/>
        <property name="permissions">
            <list>
                <ref bean="_P_PROJECT_MANAGMENT"/>
            </list>
        </property>
    </bean>
</beans>