<?xml version="1.0" encoding="UTF-8"?>
<beans xmlns="http://www.springframework.org/schema/beans"
       xmlns:xsi="http://www.w3.org/2001/XMLSchema-instance"
       xsi:schemaLocation="http://www.springframework.org/schema/beans
       http://www.springframework.org/schema/beans/spring-beans-2.5.xsd">
    
    <bean id="issueColumnFactory" class="net.mindengine.oculus.frontend.db.search.ColumnFactory">
        <property name="columnClass" value="net.mindengine.oculus.frontend.domain.issue.IssueSearchColumn"/>
        <property name="file" value="WEB-INF/conf/issue-columns.xml"/>
    </bean>
    
    <bean name="/create" class="net.mindengine.oculus.frontend.web.controllers.issue.IssueCreateController">
        <property name="sessionForm" value="true"/>
        <property name="title" value="Create Issue"/>
        <property name="commandName" value="issue"/>
        <property name="commandClass" value="net.mindengine.oculus.frontend.domain.issue.Issue"/>
        <property name="validator">
            <bean class="net.mindengine.oculus.frontend.service.issue.IssueValidator"></bean>
        </property>
        <property name="formView" value="create-issue"/>
        <property name="chooseProjectView" value="create-issue-choose-project"/>
        <property name="projectDAO" ref="projectDAO"/>
        <property name="issueDAO" ref="issueDAO"/>
        <property name="userDAO" ref="userDAO"/>
        <property name="customizationDAO" ref="customizationDAO"/>
        <property name="authorizationCheck" value="true"/>
        <property name="permissions">
            <list>
                <ref bean="_P_ISSUE_MANAGMENT"/>
            </list>
        </property>
    </bean>
    
    <bean name="/edit" class="net.mindengine.oculus.frontend.web.controllers.issue.IssueEditController">
        <property name="sessionForm" value="true"/>
        <property name="title" value="Edit Issue"/>
        <property name="commandName" value="issue"/>
        <property name="commandClass" value="net.mindengine.oculus.frontend.domain.issue.Issue"/>
        <property name="validator">
            <bean class="net.mindengine.oculus.frontend.service.issue.IssueValidator"></bean>
        </property>
        <property name="formView" value="edit-issue"/>
        <property name="projectDAO" ref="projectDAO"/>
        <property name="issueDAO" ref="issueDAO"/>
        <property name="userDAO" ref="userDAO"/>
        <property name="customizationDAO" ref="customizationDAO"/>
        <property name="authorizationCheck" value="true"/>
        <property name="permissions">
            <list>
                <ref bean="_P_ISSUE_MANAGMENT"/>
            </list>
        </property>
    </bean>
    
   
   <bean name="/display" class="net.mindengine.oculus.frontend.web.controllers.issue.IssueDisplayController">
        <property name="title" value="Issue - "/>
        <property name="projectDAO" ref="projectDAO"/>
        <property name="issueDAO" ref="issueDAO"/>
        <property name="userDAO" ref="userDAO"/>
        <property name="commentDAO" ref="commentDAO"/>
        <property name="customizationDAO" ref="customizationDAO"/>
        <property name="view" value="display-issue"/>
   </bean>
   
   <bean name="/ajax-issue-fetch" class="net.mindengine.oculus.frontend.web.controllers.issue.IssueAjaxFetchController">
        <property name="issueDAO" ref="issueDAO"/>
   </bean>
   
   <bean name="/remove-issue-collations" class="net.mindengine.oculus.frontend.web.controllers.issue.RemoveIssueCollationsController">
        <property name="issueDAO" ref="issueDAO"/>
   </bean>
   
   
   <bean name="/search" class="net.mindengine.oculus.frontend.web.controllers.issue.IssueSearchController">
        <property name="title" value="Search Issue"/>
        <property name="sessionForm" value="true"/>
        <property name="commandName" value="searchFilter"/>
        <property name="commandClass" value="net.mindengine.oculus.frontend.domain.issue.IssueSearchFilter"/>
        <property name="formView" value="search-issue"/>
        <property name="issueDAO" ref="issueDAO"/>
        <property name="customizationDAO" ref="customizationDAO"/>
        <property name="projectDAO" ref="projectDAO"/>
        <property name="userDAO" ref="userDAO"/>
        <property name="successView" value="search-issue"/>
        <property name="columnFactory" ref="issueColumnFactory"/>
        <property name="config" ref="oculusConfig"/>
   </bean>
  
</beans>

