<?xml version="1.0" encoding="UTF-8"?>

<beans xmlns="http://www.springframework.org/schema/beans"
       xmlns:xsi="http://www.w3.org/2001/XMLSchema-instance"
       xsi:schemaLocation="http://www.springframework.org/schema/beans
       http://www.springframework.org/schema/beans/spring-beans-2.5.xsd">

    <bean id="projectColumnFactory" class="net.mindengine.oculus.frontend.db.search.ColumnFactory">
        <property name="columnClass" value="net.mindengine.oculus.frontend.domain.project.ProjectSearchColumn"/>
        <property name="file" value="WEB-INF/conf/subproject-columns.xml"/>
    </bean>
    
    <bean id="buildColumnFactory" class="net.mindengine.oculus.frontend.db.search.ColumnFactory">
        <property name="columnClass" value="net.mindengine.oculus.frontend.domain.project.build.BuildSearchColumn"/>
        <property name="file" value="WEB-INF/conf/build-columns.xml"/>
    </bean>   
    
    <bean name="/display-*" class="net.mindengine.oculus.frontend.web.controllers.project.ProjectDisplayController">
        <property name="view" value="project-display"/>
        <property name="title" value="Project - "/>
        <property name="projectDAO" ref="projectDAO"/>
        <property name="testDAO" ref="testDAO"/>
        <property name="userDAO" ref="userDAO"/>
        <property name="commentDAO" ref="commentDAO"/>
        <property name="customizationDAO" ref="customizationDAO"/>
    </bean>
    
    <bean name="/browse" class="net.mindengine.oculus.frontend.web.controllers.project.ProjectBrowseController">
        <property name="projectDAO" ref="projectDAO"/>
        <property name="title" value="Projects"/>
        <property name="sessionForm" value="true"/>
        <property name="commandName" value="projectBrowseFilter"/>
        <property name="commandClass" value="net.mindengine.oculus.frontend.domain.project.ProjectBrowseFilter"/>
        <property name="formView" value="project-browse"/>
        <property name="successView" value="project-browse"/>
    </bean>
    
    <bean name="/create" class="net.mindengine.oculus.frontend.web.controllers.project.ProjectCreateController">
        <property name="title" value="Create Project"/>
        <property name="sessionForm" value="true"/>
        <property name="commandName" value="createProject"/>
        <property name="commandClass" value="net.mindengine.oculus.frontend.domain.project.Project"/>
        <property name="validator">
            <bean class="net.mindengine.oculus.frontend.service.project.ProjectEditValidator">
                <property name="projectDAO" ref="projectDAO"></property>
            </bean>
        </property>
        <property name="formView" value="project-create"/>
        <property name="projectDAO" ref="projectDAO"/>
        <property name="userDAO" ref="userDAO"/>
        <property name="customizationDAO" ref="customizationDAO"/>
        <property name="authorizationCheck" value="true"/>
    </bean>
     
    <bean name="/edit" class="net.mindengine.oculus.frontend.web.controllers.project.ProjectEditController">
        <property name="title" value="Edit Project"/>
        <property name="sessionForm" value="true"/>
        <property name="commandName" value="project"/>
        <property name="commandClass" value="net.mindengine.oculus.frontend.domain.project.Project"/>
        <property name="bindOnNewForm" value="true"/>
        <property name="validator">
            <bean class="net.mindengine.oculus.frontend.service.project.ProjectEditValidator"></bean>
        </property>
        <property name="formView" value="project-edit"/>
        <property name="successView" value="project-edit"/>
        <property name="projectDAO" ref="projectDAO"/>
        <property name="userDAO" ref="userDAO"/>
        <property name="customizationDAO" ref="customizationDAO"/>
        <property name="config" ref="oculusConfig"/>
        <property name="authorizationCheck" value="true"/>
    </bean>
    
    
    <bean name="/delete" class="net.mindengine.oculus.frontend.web.controllers.project.ProjectDeleteController">
        <property name="projectDAO" ref="projectDAO"/>
        <property name="customizationDAO" ref="customizationDAO"/>
        <property name="view" value="redirect:/project/create"/>
    </bean>
    
    
    <bean name="/ajax-browse" class="net.mindengine.oculus.frontend.web.controllers.project.ProjectAjaxBrowseController">
        <property name="projectDAO" ref="projectDAO"/>
        <property name="testDAO" ref="testDAO"/>
    </bean> 
    
    <bean name="/ajax-test-fetch" class="net.mindengine.oculus.frontend.web.controllers.project.ProjectAjaxTestFetchController">
        <property name="testDAO" ref="testDAO"/>
    </bean> 
    
    <bean name="/ajax-build-fetch" class="net.mindengine.oculus.frontend.web.controllers.project.build.BuildAjaxFetchController">
        <property name="buildDAO" ref="buildDAO"/>
    </bean>
    
    
    <bean name="/test-jfree.jpg" class="net.mindengine.oculus.frontend.web.controllers.project.TestJFreeController">
    </bean>
    
    <bean name="/builds-*" class="net.mindengine.oculus.frontend.web.controllers.project.build.BuildsBrowseController">
        <property name="title" value="Builds Browse"/>
        <property name="projectDAO" ref="projectDAO"/>
        <property name="buildDAO" ref="buildDAO"/>
        <property name="view" value="builds-browse"/>
    </bean>
    
    <bean name="/build-display" class="net.mindengine.oculus.frontend.web.controllers.project.build.BuildDisplayController">
        <property name="title" value="Build - "/>
        <property name="projectDAO" ref="projectDAO"/>
        <property name="buildDAO" ref="buildDAO"/>
        <property name="userDAO" ref="userDAO"/>
        <property name="commentDAO" ref="commentDAO"/>
        <property name="customizationDAO" ref="customizationDAO"/>
        <property name="view" value="build-display"/>
    </bean>
    
    
    <bean name="/build-create" class="net.mindengine.oculus.frontend.web.controllers.project.build.BuildCreateController">
        <property name="title" value="Create Build"/>
        <property name="projectDAO" ref="projectDAO"/>
        <property name="buildDAO" ref="buildDAO"/>
        <property name="customizationDAO" ref="customizationDAO"/>
        <property name="sessionForm" value="true"/>
        <property name="commandName" value="createBuild"/>
        <property name="commandClass" value="net.mindengine.oculus.frontend.domain.project.build.Build"/>
        <property name="validator">
            <bean class="net.mindengine.oculus.frontend.service.project.build.BuildCreateValidator">
            	<property name="buildDAO" ref="buildDAO"/>
            </bean>
        </property>
        <property name="formView" value="build-create"/>
        <property name="authorizationCheck" value="true"/>
        <property name="permissions">
            <list>
                <ref bean="_P_BUILD_MANAGMENT"/>
            </list>
        </property>
    </bean>
    
    <bean name="/build-edit" class="net.mindengine.oculus.frontend.web.controllers.project.build.BuildEditController">
        <property name="title" value="Edit Build"/>
        <property name="projectDAO" ref="projectDAO"/>
        <property name="buildDAO" ref="buildDAO"/>
        <property name="customizationDAO" ref="customizationDAO"/>
        <property name="userDAO" ref="userDAO"/>
        <property name="sessionForm" value="true"/>
        <property name="commandName" value="build"/>
        <property name="commandClass" value="net.mindengine.oculus.frontend.domain.project.build.Build"/>
        <property name="validator">
            <bean class="net.mindengine.oculus.frontend.service.project.build.BuildCreateValidator">
            	<property name="buildDAO" ref="buildDAO"/>
            </bean>
        </property>
        <property name="formView" value="build-edit"/>
        <property name="authorizationCheck" value="true"/>
        <property name="permissions">
            <list>
                <ref bean="_P_BUILD_MANAGMENT"/>
            </list>
        </property>
    </bean>
    
    <bean name="/build-remove" class="net.mindengine.oculus.frontend.web.controllers.project.build.BuildRemoveController">
        <property name="projectDAO" ref="projectDAO"/>
        <property name="buildDAO" ref="buildDAO"/>
    </bean>
    
    <bean name="/search" class="net.mindengine.oculus.frontend.web.controllers.project.ProjectSearchController">
        <property name="title" value="Search Sub-Projects"/>
        <property name="sessionForm" value="true"/>
        <property name="commandName" value="searchFilter"/>
        <property name="commandClass" value="net.mindengine.oculus.frontend.domain.project.ProjectSearchFilter"/>
        <property name="formView" value="search-projects"/>
        <property name="customizationDAO" ref="customizationDAO"/>
        <property name="projectDAO" ref="projectDAO"/>
        <property name="userDAO" ref="userDAO"/>
        <property name="successView" value="search-projects"/>
        <property name="columnFactory" ref="projectColumnFactory"/>
        <property name="config" ref="oculusConfig"/>
    </bean>
    
    
    <bean name="/build-search" class="net.mindengine.oculus.frontend.web.controllers.project.build.BuildSearchController">
        <property name="title" value="Search Builds"/>
        <property name="sessionForm" value="true"/>
        <property name="commandName" value="searchFilter"/>
        <property name="commandClass" value="net.mindengine.oculus.frontend.domain.project.build.BuildSearchFilter"/>
        <property name="formView" value="search-builds"/>
        <property name="customizationDAO" ref="customizationDAO"/>
        <property name="projectDAO" ref="projectDAO"/>
        <property name="buildDAO" ref="buildDAO"/>
        <property name="userDAO" ref="userDAO"/>
        <property name="successView" value="search-builds"/>
        <property name="columnFactory" ref="buildColumnFactory"/>
        <property name="config" ref="oculusConfig"/>
    </bean>
</beans>