<?xml version="1.0" encoding="UTF-8"?>
<beans xmlns="http://www.springframework.org/schema/beans"
       xmlns:xsi="http://www.w3.org/2001/XMLSchema-instance"
       xsi:schemaLocation="http://www.springframework.org/schema/beans
       http://www.springframework.org/schema/beans/spring-beans-2.5.xsd">

   
    <bean id="taskColumnFactory" class="net.mindengine.oculus.frontend.db.search.ColumnFactory">
        <property name="columnClass" value="net.mindengine.oculus.frontend.domain.trm.TaskSearchColumn"/>
        <property name="file" value="WEB-INF/conf/task-columns.xml"/>
    </bean>
    
    <bean name="/customize-suite-parameters" class="net.mindengine.oculus.frontend.web.controllers.trm.customize.CustomizeSuiteParametersController">
        <property name="view" value="trm-customize-suite-parameters"/>
        <property name="trmDAO" ref="trmDAO"/>
        <property name="projectDAO" ref="projectDAO"/>
        <property name="authorizationCheck" value="true"/>
        <property name="title" value="Custom Suite Parameters"/>
        <property name="permissions">
            <list>
                <ref bean="_P_TRM_ADMINISTRATION"/>
            </list>
        </property>
    </bean>    
    
    <bean name="/my-tasks" class="net.mindengine.oculus.frontend.web.controllers.trm.tasks.MyTasksController">
        <property name="view" value="trm-my-tasks"/>
        <property name="authorizationCheck" value="true"/>
        <property name="trmDAO" ref="trmDAO"/>
        <property name="config" ref="oculusConfig"/>
        <property name="title" value="Saved Tasks"/>
    </bean>
    
    <bean name="/my-active-tasks" class="net.mindengine.oculus.frontend.web.controllers.trm.tasks.MyActiveTasksController">
        <property name="view" value="trm-my-active-tasks"/>
        <property name="authorizationCheck" value="true"/>
        <property name="config" ref="oculusConfig"/>
        <property name="title" value="Active Tasks"/>
    </bean>
    
    <bean name="/create-task" class="net.mindengine.oculus.frontend.web.controllers.trm.tasks.CreateTaskController">
        <property name="sessionForm" value="true"/>
        <property name="commandName" value="task"/>
        <property name="commandClass" value="net.mindengine.oculus.frontend.domain.trm.TrmTask"/>
        <property name="validator">
            <bean class="net.mindengine.oculus.frontend.service.trm.task.CreateTaskValidator"></bean>
        </property>
        <property name="formView" value="trm-create-task"/>
        <property name="authorizationCheck" value="true"/>
        <property name="trmDAO" ref="trmDAO"/>
        <property name="projectDAO" ref="projectDAO"/>
        <property name="title" value="Create Task"/>
    </bean>
    
    <bean name="/delete-task" class="net.mindengine.oculus.frontend.web.controllers.trm.tasks.DeleteTaskController">
        <property name="view" value="redirect:../grid/my-tasks"/>
        <property name="trmDAO" ref="trmDAO"/>
        <property name="authorizationCheck" value="true"/>
    </bean>
    
    <bean name="/edit-task" class="net.mindengine.oculus.frontend.web.controllers.trm.tasks.EditTaskController">
        <property name="view" value="trm-edit-task"/>
        <property name="trmDAO" ref="trmDAO"/>
        <property name="authorizationCheck" value="true"/>
        <property name="config" ref="oculusConfig"/>
        <property name="agentTagRulesContainer" ref="agentTagRulesContainer"/>
    </bean>
    
    <bean name="/create-suite" class="net.mindengine.oculus.frontend.web.controllers.trm.tasks.CreateSuiteController">
        <property name="sessionForm" value="true"/>
        <property name="commandName" value="suite"/>
        <property name="commandClass" value="net.mindengine.oculus.frontend.domain.trm.TrmSuite"/>
        <property name="validator">
            <bean class="net.mindengine.oculus.frontend.service.trm.task.CreateSuiteValidator"></bean>
        </property>
        <property name="formView" value="trm-create-suite"/>
        <property name="authorizationCheck" value="true"/>
        <property name="trmDAO" ref="trmDAO"/>
    </bean>
    
    <bean name="/delete-suite" class="net.mindengine.oculus.frontend.web.controllers.trm.tasks.DeleteSuiteController">
        <property name="trmDAO" ref="trmDAO"/>
    </bean>
    <bean name="/edit-suite" class="net.mindengine.oculus.frontend.web.controllers.trm.tasks.EditSuiteController">
        <property name="view" value="trm-edit-suite"/>
        <property name="trmDAO" ref="trmDAO"/>
        <property name="testDAO" ref="testDAO"/>
        <property name="projectDAO" ref="projectDAO"/>
        <property name="authorizationCheck" value="true"/>
        <property name="customizationDAO" ref="customizationDAO"/>
    </bean>
   
    <bean name="/run-task" class="net.mindengine.oculus.frontend.web.controllers.trm.tasks.RunTaskController">
        <property name="trmDAO" ref="trmDAO"/>
        <property name="testDAO" ref="testDAO"/>
        <property name="projectDAO" ref="projectDAO"/>
        <property name="config" ref="oculusConfig"/>
        <property name="agentTagRulesContainer" ref="agentTagRulesContainer"/>
    </bean>
    
    <bean name="/ajax-fetch-tasks" class="net.mindengine.oculus.frontend.web.controllers.trm.tasks.AjaxFetchTasks">
        <property name="config" ref="oculusConfig"/>
    </bean>
    
    
    <bean name="/ajax-get-task" class="net.mindengine.oculus.frontend.web.controllers.trm.tasks.AjaxGetTaskController">
        <property name="config" ref="oculusConfig"/>
    </bean>
    
    <bean name="/ajax-stop-task" class="net.mindengine.oculus.frontend.web.controllers.trm.tasks.AjaxStopTaskController">
        <property name="config" ref="oculusConfig"/>
    </bean>
    
    <bean name="/ajax-remove-completed-task" class="net.mindengine.oculus.frontend.web.controllers.trm.tasks.AjaxRemoveCompletedTaskController">
        <property name="config" ref="oculusConfig"/>
    </bean>
    
    <bean name="/upload-project-choose-project" class="net.mindengine.oculus.frontend.web.controllers.trm.customize.UploadProjectChooseProjectController">
        <property name="projectDAO" ref="projectDAO"/>
        <property name="view" value="trm-upload-project-choose-project"/>
        <property name="title" value="Upload Project to Grid"/>
    </bean>
    
    <bean name="/upload-project" class="net.mindengine.oculus.frontend.web.controllers.trm.customize.UploadProjectController">
        <property name="sessionForm" value="true"/>
        <property name="commandName" value="uploadProject"/>
        <property name="commandClass" value="net.mindengine.oculus.frontend.domain.trm.TrmUploadProject"/>
        <property name="validator">
            <bean class="net.mindengine.oculus.frontend.service.trm.TrmUploadProjectValidator"></bean>
        </property>
        <property name="formView" value="trm-upload-project"/>
        <property name="successView" value="trm-upload-project-success"/>
        <property name="authorizationCheck" value="true"/>
        <property name="projectDAO" ref="projectDAO"/>
        <property name="config" ref="oculusConfig"/>
        <property name="title" value="Upload Project to Grid"/>
    </bean>
    
    
    <bean name="/ajax-fetch-suite-parameters" class="net.mindengine.oculus.frontend.web.controllers.trm.customize.AjaxFetchSuiteParametersController">
        <property name="trmDAO" ref="trmDAO"/>
    </bean>
    
    
    <bean name="/agents" class="net.mindengine.oculus.frontend.web.controllers.trm.agent.AgentsDisplayController">
        <property name="config" ref="oculusConfig"/>
        <property name="agentTagRulesContainer" ref="agentTagRulesContainer"/>
        <property name="view" value="trm-agents"/>
        <property name="authorizationCheck" value="true"/>
        <property name="title" value="Grid Agents"/>
    </bean>
    
    <bean name="/shared-tasks" class="net.mindengine.oculus.frontend.web.controllers.trm.tasks.SharedTaskSearchController">
        <property name="title" value="Shared Tasks"/>
        <property name="sessionForm" value="true"/>
        <property name="commandName" value="searchFilter"/>
        <property name="commandClass" value="net.mindengine.oculus.frontend.domain.trm.TaskSearchFilter"/>
        <property name="formView" value="search-test"/>
        <property name="trmDAO" ref="trmDAO"/>
        <property name="userDAO" ref="userDAO"/>
        <property name="successView" value="search-shared-tasks"/>
        <property name="columnFactory" ref="taskColumnFactory"/>
        <property name="config" ref="oculusConfig"/>
        <property name="authorizationCheck" value="true"/>
    </bean>
    
    <bean name="/shared-task" class="net.mindengine.oculus.frontend.web.controllers.trm.tasks.SharedTaskController">
        <property name="trmDAO" ref="trmDAO"/>
        <property name="view" value="trm-shared-task"/>
        <property name="authorizationCheck" value="true"/>
    </bean>
    
    <bean name="/copy-shared-task" class="net.mindengine.oculus.frontend.web.controllers.trm.tasks.CopySharedTaskController">
        <property name="trmDAO" ref="trmDAO"/>
        <property name="authorizationCheck" value="true"/>
    </bean>
    
    <bean name="/ajax-suite-search" class="net.mindengine.oculus.frontend.web.controllers.trm.tasks.AjaxSuiteSearchController">
        <property name="trmDAO" ref="trmDAO"/>
        <property name="authorizationCheck" value="true"/>
    </bean>
    
    <bean name="/copy-suites" class="net.mindengine.oculus.frontend.web.controllers.trm.tasks.CopySuitesController">
        <property name="trmDAO" ref="trmDAO"/>
        <property name="authorizationCheck" value="true"/>
    </bean>
    
    
    
    <bean name="/ajax-my-active-tasks" class="net.mindengine.oculus.frontend.web.controllers.trm.tasks.AjaxMyActiveTasksController">
        <property name="authorizationCheck" value="true"/>
        <property name="config" ref="oculusConfig"/>
        <property name="view" value="trm-ajax-my-active-tasks"/>
    </bean>
    
    <bean name="/ajax-task-search" class="net.mindengine.oculus.frontend.web.controllers.trm.tasks.AjaxTaskSearchController">
        <property name="trmDAO" ref="trmDAO"/>
        <property name="authorizationCheck" value="true"/>
    </bean>
    
    <bean name="/add-task-dependencies" class="net.mindengine.oculus.frontend.web.controllers.trm.tasks.AddTaskDependenciesController">
        <property name="trmDAO" ref="trmDAO"/>
        <property name="authorizationCheck" value="true"/>
    </bean>
    
    <bean name="/delete-task-dependencies" class="net.mindengine.oculus.frontend.web.controllers.trm.tasks.DeleteTaskDependenciesController">
        <property name="trmDAO" ref="trmDAO"/>
        <property name="authorizationCheck" value="true"/>
    </bean>
    
    
    
</beans>