<?xml version="1.0" encoding="ISO-8859-1" ?>
<!DOCTYPE tiles-definitions PUBLIC
"-//Apache Software Foundation//DTD Tiles Configuration 1.1//EN"
"http://jakarta.apache.org/struts/dtds/tiles-config_1_1.dtd">

<tiles-definitions>

    <definition name="project-display" extends="html-container">
        <put name="left-panel" type="page" value="/WEB-INF/jsp/project/project-left-panel.jsp"/>
        <put name="content" value="/WEB-INF/jsp/project/project.jsp" type="page"/>
        <put name="right-panel" value="/WEB-INF/jsp/project/project-right-panel.jsp" type="page"/>
    </definition>
    
    <definition name="project-browse" extends="html-container">
        <put name="left-panel" type="page" value="/WEB-INF/jsp/project/project-left-panel.jsp"/>
        <put name="content" value="/WEB-INF/jsp/project/project-browse.jsp" type="page"/>
        <put name="right-panel" type="page" value="/WEB-INF/jsp/project/project-browse-filter.jsp"/>
    </definition>
    
    <definition name="project-create" extends="html-container">
        <put name="left-panel" type="page" value="/WEB-INF/jsp/project/project-left-panel.jsp"/>
        <put name="content" value="/WEB-INF/jsp/project/project-create.jsp" type="page"/>
        <put name="right-panel" value="" type="string"/>
    </definition>
    
    <definition name="project-edit" extends="html-container">
        <put name="left-panel" type="page" value="/WEB-INF/jsp/project/project-left-panel.jsp"/>
        <put name="content" value="/WEB-INF/jsp/project/project-edit.jsp" type="page"/>
        <put name="right-panel" value="" type="string"/>
    </definition>
    
    <definition name="builds-browse" extends="html-container">
        <put name="left-panel" type="page" value="/WEB-INF/jsp/project/build/builds-left-panel.jsp"/>
        <put name="content" value="/WEB-INF/jsp/project/build/builds-browse.jsp" type="page"/>
        <put name="right-panel" value="" type="string"/>
    </definition>
    
    <definition name="build-display" extends="html-container">
        <put name="left-panel" type="page" value="/WEB-INF/jsp/project/build/builds-left-panel.jsp"/>
        <put name="content" value="/WEB-INF/jsp/project/build/build-display.jsp" type="page"/>
        <put name="right-panel" value="" type="string"/>
    </definition>
    
    <definition name="build-create" extends="html-container">
        <put name="left-panel" type="page" value="/WEB-INF/jsp/project/build/builds-left-panel.jsp"/>
        <put name="content" value="/WEB-INF/jsp/project/build/build-create.jsp" type="page"/>
        <put name="right-panel" value="" type="string"/>
    </definition>
    
    <definition name="build-edit" extends="html-container">
        <put name="left-panel" type="page" value="/WEB-INF/jsp/project/build/builds-left-panel.jsp"/>
        <put name="content" value="/WEB-INF/jsp/project/build/build-edit.jsp" type="page"/>
        <put name="right-panel" value="" type="string"/>
    </definition>
    
    <definition name="search-projects" extends="html-container">
        <put name="left-panel" type="page" value="/WEB-INF/jsp/project/project-search-filter.jsp"/>
        <put name="content" value="/WEB-INF/jsp/project/project-search-result.jsp" type="page"/>
        <put name="right-panel" value="" type="string"/>
        <put name="rightPanelEnable" value="false" type="string"/>
    </definition>
    
    <definition name="search-builds" extends="html-container">
        <put name="left-panel" type="page" value="/WEB-INF/jsp/project/build/build-search-filter.jsp"/>
        <put name="content" value="/WEB-INF/jsp/project/build/build-search-result.jsp" type="page"/>
        <put name="right-panel" value="" type="string"/>
        <put name="rightPanelEnable" value="false" type="string"/>
    </definition>
</tiles-definitions>