<?xml version="1.0" encoding="ISO-8859-1" ?>
<!DOCTYPE tiles-definitions PUBLIC
"-//Apache Software Foundation//DTD Tiles Configuration 1.1//EN"
"http://jakarta.apache.org/struts/dtds/tiles-config_1_1.dtd">

<tiles-definitions>

    <definition name="customization-choose-unit" extends="html-container" >
        <put name="left-panel" type="string" value=""/>
        <put name="content" value="/WEB-INF/jsp/customization/choose-unit.jsp" type="page"/>
        <put name="right-panel" value="" type="string"/>
    </definition>
    
    <definition name="customization-unit-page" extends="html-container" >
        <put name="left-panel" type="string" value=""/>
        <put name="content" value="/WEB-INF/jsp/customization/unit-customization-page.jsp" type="page"/>
        <put name="right-panel" value="" type="string"/>
    </definition>
    
    
    <definition name="customization-add-parameter" extends="html-container" >
        <put name="left-panel" type="string" value=""/>
        <put name="content" value="/WEB-INF/jsp/customization/add-parameter.jsp" type="page"/>
        <put name="right-panel" value="" type="string"/>
    </definition>
    
    <definition name="customization-edit-parameter" extends="html-container" >
        <put name="left-panel" type="string" value=""/>
        <put name="content" value="/WEB-INF/jsp/customization/edit-parameter.jsp" type="page"/>
        <put name="right-panel" value="" type="string"/>
    </definition>
    
</tiles-definitions>