<?xml version="1.0" encoding="ISO-8859-1" ?>
<!DOCTYPE tiles-definitions PUBLIC
"-//Apache Software Foundation//DTD Tiles Configuration 1.1//EN"
"http://jakarta.apache.org/struts/dtds/tiles-config_1_1.dtd">

<tiles-definitions>

    <definition name="document-project" extends="html-container">
        <put name="left-panel" type="page" value="/WEB-INF/jsp/document/document-folder-managment.jsp"/>
        <put name="right-panel" type="string" value=""/>
        <put name="content" value="/WEB-INF/jsp/document/document-project.jsp" type="page"/>
        <put name="rightPanelEnable" value="false" type="string"/>
    </definition>
    
    <definition name="document-file-upload" page="/WEB-INF/jsp/document/document-file-upload.jsp">
    </definition>
    
    <definition name="search-test-cases" extends="html-container">
        <put name="left-panel" type="page" value="/WEB-INF/jsp/document/document-testcase-search-filter.jsp"/>
        <put name="content" type="page" value="/WEB-INF/jsp/document/document-testcase-search-result.jsp"/>
        <put name="right-panel" value="" type="string"/>
        <put name="rightPanelEnable" value="false" type="string"/>
    </definition>
    
    <definition name="document-attachment-upload" page="/WEB-INF/jsp/document/document-attachment-upload.jsp">
    </definition>
    
</tiles-definitions>