<?xml version="1.0" encoding="ISO-8859-1" ?>
<!DOCTYPE tiles-definitions PUBLIC
"-//Apache Software Foundation//DTD Tiles Configuration 1.1//EN"
"http://jakarta.apache.org/struts/dtds/tiles-config_1_1.dtd">

<tiles-definitions>
    
    <definition name="trm-customize-suite-parameters-choose-project" extends="html-container">
        <put name="left-panel" type="string" content=""/>
        <put name="content" value="/WEB-INF/jsp/trm/trm-customize-suite-parameters-choose-project.jsp" type="page"/>
        <put name="right-panel" value="" type="string"/>
    </definition>
     
    <definition name="trm-customize-suite-parameters" extends="html-container">
        <put name="left-panel" type="string" content=""/>
        <put name="content" value="/WEB-INF/jsp/trm/trm-customize-suite-parameters.jsp" type="page"/>
        <put name="right-panel" value="" type="string"/>
    </definition>
   
   
    <definition name="trm-my-tasks" extends="html-container">
        <put name="left-panel" type="page" value="/WEB-INF/jsp/trm/tasks/trm-my-tasks-left-panel.jsp"/>
        <put name="content" value="/WEB-INF/jsp/trm/tasks/trm-my-tasks.jsp" type="page"/>
        <put name="right-panel" value="" type="string"/>
    </definition>
    
    <definition name="trm-my-active-tasks" extends="html-container">
        <put name="left-panel" type="page" value="/WEB-INF/jsp/trm/tasks/trm-my-tasks-left-panel.jsp"/>
        <put name="content" value="/WEB-INF/jsp/trm/tasks/trm-my-active-tasks.jsp" type="page"/>
        <put name="right-panel" value="" type="string"/>
        <put name="rightPanelEnable" value="false" type="string"/>
    </definition>
   
    <definition name="trm-create-task" extends="html-container">
        <put name="left-panel" type="page" value="/WEB-INF/jsp/trm/tasks/trm-my-tasks-left-panel.jsp"/>
        <put name="content" value="/WEB-INF/jsp/trm/tasks/trm-create-task.jsp" type="page"/>
        <put name="right-panel" value="" type="string"/>
    </definition>
    
    <definition name="trm-edit-task" extends="html-container">
        <put name="left-panel" type="page" value="/WEB-INF/jsp/trm/tasks/trm-my-tasks-left-panel.jsp"/>
        <put name="content" value="/WEB-INF/jsp/trm/tasks/trm-edit-task.jsp" type="page"/>
        <put name="right-panel" value="/WEB-INF/jsp/trm/tasks/trm-run-task-right-panel.jsp" type="page"/>
    </definition>
    
    
    <definition name="trm-create-suite" extends="html-container">
        <put name="left-panel" type="page" value="/WEB-INF/jsp/trm/tasks/trm-my-tasks-left-panel.jsp"/>
        <put name="content" value="/WEB-INF/jsp/trm/tasks/trm-create-suite.jsp" type="page"/>
        <put name="right-panel" value="" type="string"/>
    </definition>
    
    <definition name="trm-edit-suite" extends="html-container">
        <put name="left-panel" type="page" value="/WEB-INF/jsp/trm/tasks/trm-edit-suite-left-panel.jsp"/>
        <put name="content" value="/WEB-INF/jsp/trm/tasks/trm-edit-suite.jsp" type="page"/>
        <put name="right-panel" value="/WEB-INF/jsp/trm/tasks/trm-edit-suite-right-panel.jsp" type="page"/>
    </definition>
    
    <definition name="trm-run-task" extends="html-container">
        <put name="left-panel" type="page" value="/WEB-INF/jsp/trm/tasks/trm-run-task-left-panel.jsp"/>
        <put name="content" value="/WEB-INF/jsp/trm/tasks/trm-run-task.jsp" type="page"/>
        <put name="right-panel" value="/WEB-INF/jsp/trm/tasks/trm-run-task-right-panel.jsp" type="page"/>
    </definition>
    
    <definition name="trm-run-task-error-groups" extends="html-container">
        <put name="left-panel" type="string" value=""/>
        <put name="content" value="/WEB-INF/jsp/trm/tasks/trm-run-task-error-groups.jsp" type="page"/>
        <put name="right-panel" value="" type="string"/>
    </definition>
    
    <definition name="trm-run-task-error-no-suites" extends="html-container">
        <put name="left-panel" type="string" value=""/>
        <put name="content" value="/WEB-INF/jsp/trm/tasks/trm-run-task-error-no-suites.jsp" type="page"/>
        <put name="right-panel" value="" type="string"/>
    </definition>
    
    <definition name="trm-server-not-found" extends="html-container">
        <put name="left-panel" type="string" value=""/>
        <put name="content" value="/WEB-INF/jsp/trm/tasks/trm-server-not-found.jsp" type="page"/>
        <put name="right-panel" value="" type="string"/>
    </definition>
    
    <definition name="trm-scheduler" extends="html-container">
        <put name="left-panel" type="page" value="/WEB-INF/jsp/trm/tasks/trm-my-tasks-left-panel.jsp"/>
        <put name="content" value="/WEB-INF/jsp/trm/scheduler/trm-scheduler.jsp" type="page"/>
        <put name="right-panel" value="" type="string"/>
    </definition>
    
    <definition name="trm-upload-project-choose-project" extends="html-container">
        <put name="left-panel" type="string" content=""/>
        <put name="content" value="/WEB-INF/jsp/trm/trm-upload-project-choose-project.jsp" type="page"/>
        <put name="right-panel" value="" type="string"/>
    </definition>
    
    <definition name="trm-upload-project" extends="html-container">
        <put name="left-panel" type="string" content=""/>
        <put name="content" value="/WEB-INF/jsp/trm/trm-upload-project.jsp" type="page"/>
        <put name="right-panel" value="" type="string"/>
    </definition>
    
    <definition name="trm-upload-project-success" extends="html-container">
        <put name="left-panel" type="string" content=""/>
        <put name="content" value="/WEB-INF/jsp/trm/trm-upload-project-success.jsp" type="page"/>
        <put name="right-panel" value="" type="string"/>
    </definition>
    
    <definition name="trm-agents" extends="html-container">
        <put name="left-panel" type="string" content=""/>
        <put name="content" value="/WEB-INF/jsp/trm/trm-agents.jsp" type="page"/>
        <put name="right-panel" value="" type="string"/>
    </definition>
    
    <definition name="search-shared-tasks" extends="html-container">
        <put name="left-panel" type="page" value="/WEB-INF/jsp/trm/tasks/search/trm-search-shared-tasks-filter.jsp"/>
        <put name="content" value="/WEB-INF/jsp/trm/tasks/search/trm-search-shared-tasks-result.jsp" type="page"/>
        <put name="right-panel" value="" type="string"/>
    </definition>
    
    <definition name="trm-shared-task" extends="html-container">
        <put name="left-panel" value="/WEB-INF/jsp/trm/tasks/trm-shared-task-left-panel.jsp" type="page"/>
        <put name="content" value="/WEB-INF/jsp/trm/tasks/trm-shared-task.jsp" type="page"/>
        <put name="right-panel" value="" type="string"/>
    </definition>
    
    <definition name="trm-ajax-my-active-tasks" page="/WEB-INF/jsp/trm/tasks/trm-ajax-my-active-tasks.jsp">
    </definition>
    
</tiles-definitions>