<columns>

    <column id="TESTCASE_NAME">
        <name>Test-Case Name</name>
        <field>name</field>
        <sql-column>d.name</sql-column>
    </column>
    
    <column id="PROJECT">
        <name>Project</name>
        <field>project</field>
        <sql-column>pp.name</sql-column>
    </column>
    
    <column id="SUBPROJECT">
        <name>Sub-Project</name>
        <field>subproject</field>
        <sql-column>p.name</sql-column>
    </column>
    
    <column id="TESTCASE_DATE">
        <name>Created</name>
        <field>createdDate</field>
        <sql-column>d.date</sql-column>
    </column>
    
    <column id="USER_NAME">
        <name>Designer</name>
        <field>name</field>
        <sql-column>u.name</sql-column>
    </column>
    
</columns>