<columns>

    <column id="ISSUE_NAME">
        <name>Issue Name</name>
        <field>name</field>
        <sql-column>name</sql-column>
    </column>
    
    <column id="ISSUE_SUMMARY">
        <name>Summary</name>
        <field>summary</field>
        <sql-column>summary</sql-column>
    </column>
    
    <column id="ISSUE_DATE">
        <name>Created</name>
        <field>date</field>
        <sql-column>date</sql-column>
    </column>
    
    <column id="DEPENDENT_TESTS">
        <name>Dependent Tests</name>
        <field>dependentTests</field>
        <sql-column>dependent_tests</sql-column>
    </column>
    
    <column id="USER_NAME">
        <name>Reporter</name>
        <field>userName</field>
        <sql-column>uName</sql-column>
    </column>
    
    <column id="PROJECT">
        <name>Project</name>
        <field>project</field>
        <sql-column>prName</sql-column>
    </column>
    
    <column id="SUBPROJECT">
        <name>SubProject</name>
        <field>subproject</field>
        <sql-column>sprName</sql-column>
    </column>
</columns>